,AMBIENT_TEMPERATURE,DISCHARGE_FLOW_COMMON,DISCHARGE_PRESSURE,DISCHARGE_TEMP_1,FLOW_1,FLOW_2,GROSS_LOAD,IB_SEAL_DRAIN_TEMP,MOTOR_CURRENT,MOTOR_IB_TEMP_1,MOTOR_OB_TEMP_1,MOTOR_STATOR_TEMP_1,MOTOR_STATOR_TEMP_2,MOTOR_STATOR_TEMP_3,OB_SEAL_DRAIN_TEMP,PUMP_DELTA_PRESS_CV,PUMP_IB_TEMP_1,PUMP_OB_TEMP_1,PUMP_OB_TEMP_2,SUCTION_PRESSURE_1,SUCTION_STRAINER_DP,SUCTION_TEMP_1
2018-11-19 08:21:46.651,19.29776001,1347.164795,2.6174891000000002,180.1500244,1337.867432,1339.033203,845.6356812,39.53585434,85.23692322,50.03884125,33.12072372,68.40155029,65.320961,63.83390045,38.65562057,1.415119767,56.43469238,67.77475739,60.49699402,1.202369332,19.76062775,180.1770325
2018-11-19 08:21:51.657,19.68382454,1013.345093,2.534440756,167.2266541,1000.779846,1003.935913,639.3440552,39.3028183,73.07279205,49.67520142,33.4308548,63.96432877,61.35697937,59.89774323,37.4392395,1.5686982870000001,58.51729202,70.36104584,61.85219955,0.965742469,11.27259541,167.1997375
2018-11-19 08:21:56.663,20.63630486,1272.945923,2.593063116,177.0965576,1265.546387,1265.546387,781.6693115,40.00194931,83.18515015,49.62326813,34.02534866,67.01753998,64.25126648,62.94721985,38.9921608,1.4532854560000001,57.18948746,68.66274261,61.38302612,1.13977766,17.80654716,177.1235657
2018-11-19 08:22:01.669,21.25426483,1216.377075,2.607718706,177.0695801,1204.73938,1207.335205,757.6818848,40.77890778,80.84025574,50.89609146,35.08534241,68.71499634,66.02559662,64.51213074,39.92426682,1.475574136,57.73616791,68.97621918,61.56547546,1.13214457,16.27992249,176.9885559
2018-11-19 08:22:06.681,22.31022835,1147.782715,2.575964928,172.1308594,1135.376953,1138.145386,717.7008057,40.96024704,78.78846741,51.36378098,35.93876266,67.33085632,64.69475555,63.36444473,39.71710587,1.514045119,59.29861832,70.96220398,63.10367203,1.061919808,14.57010269,172.2387085
2018-11-19 08:22:11.688,23.54687881,1237.039063,2.597948313,176.6914825,1229.420166,1230.693115,763.2789307,41.8928833,82.01270294,52.32536316,36.89587021,70.41333008,67.61808014,66.20829773,41.08975601,1.465803742,58.8037529,70.20425415,62.89505768,1.13214457,17.3180275,176.7184753
2018-11-19 08:22:16.694,24.91288948,1242.179932,2.595505714,176.5564423,1228.232422,1229.50708,765.6776733,42.43707275,82.01270294,53.65123367,38.00854492,71.69417572,68.97621918,67.59196471999999,41.68561935,1.464887738,59.4809494,70.67468262,63.36444473,1.130617976,16.95163727,176.6104736
2018-11-19 08:22:21.701,25.76371193,1248.37915,2.595505714,176.6914825,1237.037964,1238.303345,762.4793701,42.90357208,82.30581665,54.53543472,38.68151093,72.68785095,69.96904755,68.42767334,42.1520195,1.464887738,59.92380142,71.01447296,63.70350647,1.130617976,16.95163727,176.7454529
2018-11-19 08:22:26.707,26.25368309,1230.606323,2.597948313,176.8264771,1216.530273,1220.385254,756.0827026,43.3182869,81.4264679,55.10770035,39.17338181,73.2109375,70.49172974,68.92398071,42.592556,1.470383644,60.28854752,71.30202484,63.99039841,1.127564669,16.52418327,176.7994843
2018-11-19 08:22:31.713,26.51158333,1153.661011,2.583292961,173.6683044,1145.461426,1148.201172,712.105835,43.13684082,78.78846741,55.18573761,39.35461426,72.03407288,69.34195709,67.93143463,42.3074913,1.509160161,61.01816177,72.29555511,64.72084808,1.0741328,14.81436253,173.6143799
2018-11-19 08:22:36.720,26.53738213,1115.993896,2.568637133,171.7802887,1106.076416,1110.337524,677.723938,43.1627655,77.17636108,55.05566406,39.43228531,70.85764313,68.37542725,66.86090851,41.8928833,1.5280900000000002,61.59154129,72.94936371,65.13829803,1.040547132,13.65412998,171.7802887
2018-11-19 08:22:41.726,26.40841675,1243.561157,2.588177919,176.3674011,1233.442505,1235.97998,755.2831421,43.00723267,82.30581665,54.92560577,38.96627045,72.50476074,69.86452484,68.34931946,42.3852272,1.466719627,60.36671066,71.51116943,64.30342865,1.121458292,16.89057159,176.3404083
2018-11-19 08:22:46.732,25.99580383,1273.234619,2.588177919,176.664444,1262.116699,1264.595703,780.0701294,42.72212601,82.89203644,54.92560577,38.50031662,72.5570755,69.70774841,68.16649628,42.04836655,1.451453447,60.10617065,71.14517975,63.80781937,1.136724472,17.44015503,176.6914825
2018-11-19 08:22:51.738,25.35117722,1206.858032,2.590620518,175.7733917,1199.039673,1200.346313,742.4898071,42.3074913,81.13335419,54.79553604,38.08620453,72.03407288,69.34195709,67.74864197,41.84107208,1.482901931,59.92380142,71.01447296,63.5209198,1.107718587,16.15779114,175.7194366
2018-11-19 08:22:56.744,24.88712502,1070.243896,2.568637133,171.1871338,1058.404541,1061.376709,665.7301636,41.94471359,75.71080017,53.85924911,37.4133606,69.02845764,66.41710663,64.98175049,40.70120621,1.546409488,60.60122299,72.11251068,63.99039841,1.022227645,12.73815346,171.1601868
2018-11-19 08:23:01.750,24.32003403,1297.756714,2.605276346,178.2041168,1288.082642,1289.295898,802.458374,41.58198166,83.47826385,52.84524155,36.9217453,70.33490753,67.61808014,66.18218994,41.08975601,1.439546108,58.88188171,70.28264618,63.10367203,1.165730238,18.41719818,178.2311249
2018-11-19 08:23:06.756,23.67573357,1314.995483,2.612603903,179.2309418,1306.655273,1307.849976,815.2516479,41.8928833,83.47826385,53.05321884,36.559558870000004,71.45886993,68.5321579,66.9131012,41.37471771,1.430080771,58.49126434,69.65550232,62.45180893,1.182523131,18.84465027,179.2309418
2018-11-19 08:23:11.762,23.13461685,1292.802002,2.607718706,178.3932343,1286.742188,1287.956421,800.0595703,41.65970612,82.89203644,53.05321884,36.22328186,70.90991211,68.14037323,66.52151489,41.16746521,1.443515062,58.49126434,69.7600174,62.37359238,1.164203644,18.29506683,178.3932343
2018-11-19 08:23:16.769,22.69661903,1257.768921,2.607718706,177.609787,1255.278809,1257.768921,791.2642212,41.34880829,81.71958923,52.61128998,35.78358459,70.07357788,67.27862549,65.79069519,40.85663223,1.4587812420000001,58.36105728,69.68161774,62.21715927,1.148937464,17.44015503,177.609787
2018-11-19 08:23:21.775,22.31022835,1295.474365,2.602833748,178.0149841,1286.996826,1288.211304,801.6587524,41.14157486,82.89203644,52.03945923,35.21463776,69.52484894,66.5737381,64.98175049,40.51990128,1.443209887,58.07463455,69.3680954,61.98254395,1.159623861,18.23400116,178.0420227
2018-11-19 08:23:26.782,22.02688789,1355.548218,2.627259731,181.1234131,1347.477417,1348.633301,852.0323486,41.4265213,84.94380951,51.93549728,35.00777054,70.80535126,67.82697296,66.33879852,40.96024704,1.406571031,57.57995224,68.79335785,61.69580841,1.220688701,20.00488663,181.1504364
2018-11-19 08:23:31.788,21.82083511,1313.751099,2.610161304,179.3120728,1305.403687,1307.794067,816.8508301,41.29700089,82.5989151,52.14342499,35.08534241,70.28264618,67.3830719,65.86898041,40.75302124,1.429164767,57.76218796,69.00234985,61.61761475,1.180996537,18.84465027,179.3120728
2018-11-19 08:23:36.794,21.94962311,1338.61145,2.622374535,180.6366577,1330.432861,1332.774658,835.2410889,41.65970612,83.7713623,52.42933655,35.88702393,71.22360229,68.21871948,66.73036194,41.16746521,1.41542542,57.84030914,68.89785004,61.80007553,1.206949115,19.82168961,180.6366577
2018-11-19 08:23:41.800,22.82544136,1352.079224,2.607718706,179.7715607,1343.973755,1346.294556,838.4394531,41.73742676,85.53003693,52.8972435,36.87001038,71.8510437,68.87171936,67.40918732,41.24517822,1.409929276,58.28294373,69.28971863,62.16502762,1.197789431,20.0659523,179.825592
2018-11-19 08:23:46.806,23.95921135,1471.661865,2.615046501,182.9628296,1467.430298,1467.430298,902.4058228,43.08500671,89.63361359,54.63947678,38.34502029,75.38269043,72.45245361,70.88378906,42.72212601,1.3516122099999999,58.93397903,69.57711792,62.79075241,1.263434291,23.8519783,182.9899139
2018-11-19 08:23:51.813,25.06758118,1339.510986,2.607718706,179.5282593,1331.326904,1334.840332,828.0449219,43.34421539,85.82315826,56.59083176,40.13142014,76.6131134,73.57715607,72.03407288,42.82580185,1.420615673,60.10617065,70.70080566,63.57309341,1.187103033,19.76062775,179.501236
2018-11-19 08:23:56.819,26.25368309,1343.060791,2.607718706,179.4201508,1331.383789,1333.727417,825.6461182,43.57751083,85.23692322,56.8771286,40.62350464,76.0632782,73.18475342,71.69417572,42.92947769,1.417562366,60.62728882,71.19745636,64.19908142,1.190156341,19.51636696,179.4471741
2018-11-19 08:24:01.825,27.64660454,1437.769775,2.624817133,182.6381531,1426.911987,1428.001587,885.6146851,44.45904922,88.16804504,57.91841888,41.65970612,78.81330109,75.98474884,74.23121643,44.2775383,1.365962863,60.86180878,71.22360229,64.53822327,1.25885427,22.50854874,182.6652069
2018-11-19 08:24:06.831,28.52391815,1468.21228,2.624817133,183.2604828,1459.720581,1461.848145,904.8045654,45.02957535,88.75426483,59.14234543,42.46297073,80.43819427,77.37252808,75.77531433,44.7183609,1.3506965640000002,61.38302612,71.61574554,65.00785065,1.274120569,23.60771942,183.314621
2018-11-19 08:24:11.837,29.04010963,1492.770874,2.624817133,183.9100342,1486.516968,1486.516968,912.800354,45.44455338,90.21982574,60.10617065,43.05908203,81.69671631,78.76088715,77.13682556,45.05549622,1.340010166,61.77400589,71.82489014,65.24267578,1.284806967,24.52369499,183.9100342
2018-11-19 08:24:16.845,29.42728043,1472.080566,2.627259731,183.6393585,1459.36438,1460.428345,903.2053833,45.75583649,89.04737854,60.67939377,43.3182869,82.3523941,79.28495026,77.52966309,45.18518448,1.3500858550000001,62.0346756,72.03407288,65.4514389,1.277173877,23.60771942,183.6393585
2018-11-19 08:24:21.852,29.63380241,1338.043335,2.615046501,179.9337463,1325.151367,1326.328491,818.4498901,44.97769547,84.94380951,60.67939377,43.421978,80.38574982,77.58205414,75.93237305,44.40717697,1.421836972,62.42573166,72.63552856,65.68630219,1.193209529,19.51636696,179.9066925
2018-11-19 08:24:26.857,29.58218384,1213.971802,2.602833748,176.7994843,1208.801514,1212.681396,756.0827026,44.32938766,81.4264679,59.81959152,42.98132706,78.00115967,75.2518158,73.603302,43.73307037,1.473742485,62.5039444,72.97554016,65.7645874,1.129091263,16.34098816,176.7454529
2018-11-19 08:24:31.863,29.24658775,1141.874268,2.571079731,172.7511292,1128.019531,1130.803955,697.7133789,43.78491211,78.34880829,58.28294373,42.1520195,74.59754944,72.03407288,70.4394455,42.8776474,1.516793013,62.76469421,73.78644562,66.20829773,1.054286718,14.38690853,172.7241821
2018-11-19 08:24:36.869,28.70457268,1313.658447,2.556424141,174.2619171,1304.0625,1305.265869,781.6693115,43.370121,84.65071106,57.4498024,41.71151352,74.28356171,71.7726059,70.28264618,42.4888916,1.444125772,62.00862503,73.2109375,65.8950882,1.112298369,18.60039139,174.5317841
2018-11-19 08:24:41.875,27.74980927,1358.223999,2.624817133,180.6907501,1350.164673,1350.164673,847.2348022,44.07010651,85.82315826,58.07463455,41.50426102,78.0535202,75.1733017,73.52482605,43.60343933,1.410234809,60.99211502,71.82489014,64.90348053,1.214582324,20.31021118,180.6366577
2018-11-19 08:24:46.881,27.1564312,1268.697876,2.610161304,177.9339447,1260.039429,1261.280029,796.0617065,43.26645279,82.89203644,57.55392838,40.67531967,75.98474884,73.08014679,71.43273926,42.67030334,1.4520641570000001,61.01816177,71.95562744,64.6686554,1.158097148,17.68441772,177.9339447
2018-11-19 08:24:51.888,26.82110405,1414.593018,2.602833748,180.5285339,1403.525757,1406.855103,866.4247437,43.03315735,87.58181763,56.8771286,40.15732574,75.93237305,73.08014679,71.537323,42.56663513,1.383671641,60.49699402,71.38044739,64.43387604,1.219162107,21.77577019,180.6366577
2018-11-19 08:24:56.896,26.02157593,1401.415527,2.6199316980000003,181.6372833,1392.497803,1393.615356,869.6230469,43.26645279,86.40937042,56.92918015,39.82068253,76.84877014,73.83873749,72.26941681,42.74805069,1.387030005,60.21038818,71.0406189,64.06866455,1.232901692,21.40938187,181.6372833
2018-11-19 08:25:01.902,25.55742836,1379.711792,2.615046501,180.8529816,1374.051147,1376.318237,857.6293945,42.90357208,85.23692322,56.8771286,39.82068253,76.37743378,73.31555176,71.7726059,42.3074913,1.397410989,60.23644638,70.96220398,63.8860817,1.217635512,20.92086029,180.8529816
2018-11-19 08:25:06.908,25.35117722,1375.209106,2.615046501,180.825943,1369.529907,1370.667725,856.0302124,42.51481247,85.53003693,56.66890717,39.50995636,76.037117,73.10629272,71.51116943,41.91880035,1.398937583,60.08011246,70.80535126,63.80781937,1.216108918,20.92086029,180.825943
2018-11-19 08:25:11.916,24.93867493,1370.787964,2.615046501,180.6907501,1358.218872,1359.366333,849.6335449,42.25567245,85.53003693,56.20046616,38.96627045,75.38269043,72.34786224,70.83149719,41.55606842,1.400464177,59.79355621,70.67468262,63.59917831,1.214582324,20.55447197,180.6907501
2018-11-19 08:25:16.922,24.24271584,1450.339111,2.629702091,183.0169678,1446.045654,1449.266846,905.604126,42.33340836,87.58181763,55.94025421,38.47442627,76.037117,72.97554016,71.40659332,41.76334381,1.3632146120000002,59.35070419,70.25650787,63.39052963,1.266487479,23.2413311,183.0440063
2018-11-19 08:25:21.928,23.67573357,1430.353394,2.624817133,182.448761,1424.905273,1425.99646,888.8129272,42.20383453,86.70248413,55.75811386,38.13795853,75.56589508,72.5570755,70.88378906,41.37471771,1.373595834,59.27256393,70.15196991,63.23406982,1.251221299,22.50854874,182.448761
2018-11-19 08:25:26.934,23.64995766,1333.412231,2.63214469,181.2585907,1320.49707,1321.676392,830.4436646,42.592556,84.35759735,55.91422653,38.55209732,75.59209442,72.66166687,71.0406189,41.84107208,1.420615673,59.45489502,70.28264618,63.26012802,1.211529016,19.51636696,181.1504364
2018-11-19 08:25:31.941,24.78400803,1426.889648,2.612603903,181.4749603,1415.931885,1418.130249,880.0176392,42.92947769,88.16804504,56.40865707,39.43228531,76.6131134,73.57715607,71.98178101,42.22975159,1.37970221,59.76749802,70.46559143,63.62524033,1.232901692,22.02002907,181.5020294
2018-11-19 08:25:36.947,25.97000885,1506.815552,2.627259731,184.3701935,1489.205933,1492.328613,936.7877197,44.04417419,90.51293945,57.81427002,40.83072281,79.46840668,76.50836182,74.83305359,43.60343933,1.330239773,59.975914,70.41333008,63.91214752,1.297019958,25.13434219,184.3972473
2018-11-19 08:25:41.954,26.89848137,1292.687744,2.60039115,178.5553589,1280.540527,1281.760376,795.262146,44.04417419,84.06447601,59.14234543,41.6078949,78.78707123,75.95858002,74.28356171,43.57751083,1.4438205960000001,61.25272369,71.72032928,64.6164856,1.156570554,18.17293739,178.4202881
2018-11-19 08:25:46.961,28.13683319,1378.073853,2.605276346,180.1500244,1367.846436,1368.986572,846.4351807,44.4331131,86.70248413,59.35070419,42.46297073,78.6036911,75.90621185,74.23121643,43.70714188,1.399853826,61.5394249,71.95562744,65.11220551,1.205422521,20.55447197,180.1770325
2018-11-19 08:25:51.967,29.22078896,1465.362915,2.6174891000000002,182.935791,1458.983276,1460.048584,904.0049438,44.92583466,88.75426483,60.02801132,43.05908203,80.96250916,77.94876099,76.32509613,44.53683853,1.354054809,61.64368439,71.87719727,65.34705353,1.263434291,23.42452431,182.935791
2018-11-19 08:25:56.973,29.96943474,1450.313599,2.629702091,183.0440063,1438.476074,1440.635498,899.2075195,45.47049713,88.75426483,61.07029343,43.60343933,82.14260101,79.07530212,77.37252808,45.05549622,1.3632146120000002,62.06074905,72.190979,65.58190918,1.266487479,23.2413311,183.0440063
2018-11-19 08:26:01.979,30.38254166,1473.340088,2.624817133,183.4228516,1459.567139,1457.43689,908.0029297,45.52236938,89.04737854,61.61761475,43.83675385,82.58850098,79.59944916,77.87017822,45.34080124,1.3506965640000002,62.26931381,72.34786224,65.79069519,1.274120569,23.6687851,183.4499512
2018-11-19 08:26:06.985,30.56329536,1494.951172,2.6199316980000003,183.8017426,1483.481201,1487.662354,917.5978394,45.78176498,89.92672729,62.24323654,44.12195206,83.48048401,80.59547424,78.73469543,45.67802048,1.338177919,62.39967346,72.32170868,65.7385025,1.2817537780000001,24.58476067,183.8017426
2018-11-19 08:26:11.991,30.51165771,1347.622559,2.60039115,179.5282593,1335.986816,1338.322021,825.6461182,45.39268875,84.94380951,62.21715927,44.12195206,81.53937531,78.57750702,76.84877014,44.66648483,1.413288116,62.89505768,73.0278244,65.99948883,1.187103033,19.88275528,179.501236
2018-11-19 08:26:16.997,30.22762299,1308.531006,2.593063116,178.2311249,1300.140747,1301.342651,800.8591919,44.69242477,84.06447601,61.27878952,43.57751083,79.70426941,76.82255554,75.1733017,44.04417419,1.434965968,62.68645096,73.08014679,65.97338104,1.158097148,18.66145706,178.2311249
2018-11-19 08:26:22.003,29.34984398,1337.933594,2.593063116,178.4202881,1332.079346,1332.079346,827.2453003,44.2775383,84.94380951,60.67939377,43.08500671,79.07530212,76.22035217,74.5190506,43.60343933,1.419699669,62.34752274,72.81858063,65.71240234,1.173363447,19.57743073,178.4472809
2018-11-19 08:26:27.009,28.57554436,1415.66626,2.595505714,180.555542,1404.60791,1406.826538,860.8276367,43.88861847,87.87493134,60.15829086,42.3852272,79.65184021,76.82255554,75.19945526,43.24052429,1.385503292,61.77400589,72.21710968,65.37316132,1.210002422,22.08109474,180.5825653
2018-11-19 08:26:32.015,28.00782585,1443.314087,2.615046501,182.4758301,1433.581665,1433.581665,887.2138672,43.99232483,88.46116638,60.05407333,41.86698532,80.88385773,77.76538086,76.01091003,43.52567291,1.365351915,61.27878952,71.74645233,65.03392792,1.249694586,22.32535553,182.4758301
2018-11-19 08:26:37.022,27.49179268,1373.848999,2.590620518,179.7445068,1364.729492,1364.729492,837.6398926,43.52567291,86.99560547,59.84564972,41.6078949,79.6256485,76.58690643,74.96392059,42.98132706,1.403517485,61.35697937,71.87719727,64.9295578,1.187103033,20.61553383,179.7174835
2018-11-19 08:26:42.029,26.87268257,1465.502197,2.578407526,180.5014496,1451.602539,1452.676514,885.6146851,43.24052429,89.63361359,58.72563171,40.77890778,78.34169006,75.35649109,73.78644562,42.64437866,1.3638252020000001,60.70545959,71.43273926,64.64256287,1.214582324,23.30239296,180.5825653
2018-11-19 08:26:47.035,26.53738213,1493.001587,2.6174891000000002,183.6664581,1486.746704,1489.877441,916.7982178,43.81084442,89.04737854,58.25689697,40.07963562,78.94432068,75.82767487,74.23121643,43.370121,1.340315223,60.10617065,70.83149719,64.22516632,1.277173877,24.52369499,183.6664581
2018-11-19 08:26:52.041,25.71215057,1488.229492,2.610161304,183.2063599,1477.750366,1478.801514,912.800354,43.49974442,88.46116638,58.02256775,39.63942719,78.81330109,75.51353455,73.89107513,43.08500671,1.343673825,60.00195313,70.80535126,64.04257202,1.266487479,23.97410965,183.2063599
2018-11-19 08:26:57.047,25.119133,1477.95874,2.612603903,182.9899139,1469.520386,1469.520386,904.8045654,43.3960495,88.46116638,57.76218796,39.27694702,78.36791229,75.2518158,73.52482605,42.85172272,1.350696325,59.81959152,70.67468262,63.8860817,1.261907578,23.8519783,182.9628296
2018-11-19 08:27:02.053,24.42313576,1450.813354,2.615046501,182.5028839,1444.366333,1445.442749,896.8087769,43.03315735,88.16804504,57.47581482,38.91450119,77.4249115,74.36206055,72.74011993,42.56663513,1.360771894,59.68935394,70.57012939,63.65133286,1.2542746070000002,23.11919975,182.5028839
2018-11-19 08:27:07.059,23.90765762,1492.770874,2.627259731,183.9100342,1482.333252,1483.380249,934.3890381,43.21459579,89.34049225,57.24154282,38.75916672,77.81777954,74.64989471,72.9232254,42.82580185,1.339399457,59.5070076,70.33490753,63.57309341,1.287860274,24.34049797,183.9100342
2018-11-19 08:27:12.065,23.52112579,1497.832886,2.624817133,184.0453796,1485.34375,1486.388672,923.9944458,43.4738121,89.04737854,57.05932999,38.50031662,77.71302032,74.49285126,72.71398926,43.00723267,1.336956859,59.37675858,70.28264618,63.49485397,1.287860274,24.40156364,184.0724335
2018-11-19 08:27:17.072,23.41805267,1454.161743,2.629702091,183.5040283,1448.810303,1449.882202,906.4037476,43.421978,87.28871918,56.746986390000004,38.31913376,76.87493896,73.76026154,72.11251068,42.90357208,1.35863483,59.40280914,70.36104584,63.44267654,1.271067262,23.05813408,183.4499512
2018-11-19 08:27:22.077,23.64995766,1426.196411,2.610161304,181.0422821,1411.9198,1415.227173,884.0155029,42.95540237,87.87493134,56.746986390000004,38.55209732,76.08944702,73.0278244,71.35430145,42.25567245,1.377259612,59.68935394,70.62239075,63.49485397,1.232901692,22.08109474,181.1234131
2018-11-19 08:27:27.084,24.34581566,1490.383667,2.637029886,184.2348328,1476.783936,1477.834473,920.7962036,43.81084442,89.63361359,57.55392838,39.43228531,78.86571503,75.77531433,74.12653351,43.52567291,1.34458971,59.63724136,70.28264618,63.59917831,1.292440176,23.97410965,184.2618866
2018-11-19 08:27:32.090,25.22226143,1471.258179,2.629702091,183.395813,1459.595581,1459.595581,911.2011719,43.91455078,89.34049225,58.28294373,40.23501205,79.12772369,76.08944702,74.38820648,43.421978,1.354054809,60.28854752,70.80535126,64.06866455,1.275647283,23.72985077,183.395813
2018-11-19 08:27:37.096,26.15052414,1474.470215,2.622374535,183.3416748,1464.955444,1467.075073,913.5999756,44.45904922,90.21982574,59.35070419,41.76334381,80.35955048,77.34634399,75.61825562,44.225669859999996,1.3528337480000001,60.91391373,71.19745636,64.45994568,1.269540787,23.72985077,183.3687592
2018-11-19 08:27:42.102,27.1564312,1462.556519,2.612603903,182.5028839,1456.161499,1455.092773,894.4100342,44.7183609,89.04737854,59.63724136,42.25567245,80.07120514,77.08444214,75.51353455,44.19975281,1.358329296,61.35697937,71.61574554,64.98175049,1.2542746070000002,23.42452431,182.5028839
2018-11-19 08:27:47.110,28.29167175,1549.78479,2.622374535,185.0470276,1540.755005,1543.770874,955.1781006,45.65207291,91.97850037,60.44489288,42.8776474,82.45733643,79.3373642,77.71302032,45.54831314,1.308561683,61.38302612,71.51116943,65.19049835,1.313812852,26.66096878,185.0740814
2018-11-19 08:27:52.116,29.0917244,1593.805298,2.627259731,186.3469238,1576.228149,1576.228149,976.7667847,46.22280502,92.85783386,61.35697937,43.24052429,84.29398346,81.06741333,79.28495026,46.27468872,1.285967708,61.4872818,71.43273926,65.320961,1.341292024,27.94332886,186.3469238
2018-11-19 08:27:57.121,29.73707008,1588.945435,2.63214469,186.3469238,1577.213013,1579.174561,976.7667847,46.611980439999996,92.27161407,62.58218002,43.60343933,85.02893829,81.77542877,79.9925766,46.58604813,1.2908526660000001,61.82614899,71.66802979,65.42533875,1.341292024,27.76013947,186.3469238
2018-11-19 08:28:02.122,29.86616135,1585.234741,2.627259731,186.1573486,1573.471802,1574.455444,975.9671631,46.56009674,91.97850037,62.94721985,43.96639633,85.10768127,81.88031006,80.09740448,46.66388702,1.290547609,62.08682632,71.74645233,65.4514389,1.336712122,28.06546021,186.1573486
2018-11-19 08:28:07.124,29.42728043,1585.319214,2.627259731,186.0760956,1576.504761,1577.486694,975.1676025,46.09307861,93.15094757,62.55610275,43.73307037,85.00270081,81.85410309,80.09740448,46.14497375,1.292074084,61.956474299999996,71.82489014,65.58190918,1.335185647,27.82120514,186.0760956
2018-11-19 08:28:12.126,28.78199387,1577.514282,2.629702091,186.048996,1570.62854,1569.642334,975.1676025,45.98930359,92.85783386,62.45180893,43.44790649,84.79269409,81.56562805,79.83531952,46.04119873,1.294516444,61.69580841,71.72032928,65.4514389,1.335185647,27.4548111,186.0219116
2018-11-19 08:28:17.128,28.34327698,1601.467407,2.602833748,185.4802856,1590.788818,1591.762573,975.1676025,45.83365631,92.85783386,62.11289597,43.00723267,84.6089325,81.35584259,79.49459839,45.75583649,1.2844409940000001,61.35697937,71.43273926,65.24267578,1.318392754,28.18759155,185.4802856
2018-11-19 08:28:22.129,27.95620918,1598.453613,2.610161304,185.5615234,1589.706543,1589.706543,974.367981,46.01525116,92.56472015,62.42573166,43.11091232,84.50395966,81.35584259,79.59944916,45.91147995,1.288715243,61.46123505,71.35430145,65.11220551,1.321446061,27.88227081,185.5615234
2018-11-19 08:28:27.131,26.9500618,1579.471069,2.602833748,185.0740814,1567.64856,1569.625122,965.5726318,45.65207291,91.68538666,62.29538727,42.72212601,84.03152466,80.83145142,79.04911041,45.60018158,1.292074203,61.46123505,71.27587891,64.85128784,1.310759544,27.33268547,185.0740814
2018-11-19 08:28:32.132,25.99580383,1576.309692,2.612603903,185.3177643,1560.498657,1562.483765,963.9735107,45.54831314,92.27161407,61.77400589,42.43707275,83.5592041,80.25471497,78.44650269,45.31485748,1.295737743,61.22665405,71.11903381,64.6686554,1.316866159,27.51587677,185.2907104
2018-11-19 08:28:37.134,25.76371193,1580.348145,2.612603903,185.2094879,1569.521606,1569.521606,964.7730103,45.44455338,92.27161407,61.09635544,41.91880035,82.82458496,79.59944916,77.79160309,45.21112823,1.298791051,61.01816177,71.01447296,64.53822327,1.313812852,27.4548111,185.1824036
2018-11-19 08:28:42.140,25.53166008,1573.437988,2.610161304,185.2094879,1558.591187,1564.546753,966.3721924,45.39268875,92.85783386,60.54909897,41.11566544,82.14260101,78.89190674,77.16300964,45.00363541,1.296348453,60.54909897,70.80535126,64.35561371,1.313812852,27.21055412,185.2094879
2018-11-19 08:28:47.146,25.27381516,1512.477905,2.624817133,184.8845673,1506.313843,1506.313843,926.3932495,44.97769547,90.80605316,59.74144363,40.64941406,81.56562805,78.39409637,76.66545105,44.7183609,1.329323649,60.36671066,70.77922821,64.27733612,1.295493484,25.13434219,184.8304138
2018-11-19 08:28:52.154,25.06758118,1458.600098,2.605276346,182.1782532,1443.586792,1444.664429,886.4142456,44.25160599,89.34049225,58.54333878,39.76888275,79.02292633,75.93237305,74.23121643,43.7589798,1.360161662,60.36671066,71.17131042,64.25126648,1.245114684,23.18026543,182.1782532
2018-11-19 08:28:57.160,24.86134148,1463.062256,2.597948313,181.9618378,1454.526245,1454.526245,888.0134277,44.14788818,89.34049225,57.91841888,39.53585434,78.21073151,75.12094116,73.36787415,43.52567291,1.358940005,60.15829086,71.0406189,64.12082672,1.239008307,23.30239296,181.9888763
2018-11-19 08:29:02.166,24.65511131,1497.545654,2.610161304,183.2604828,1488.17749,1488.17749,917.5978394,44.01824188,90.51293945,57.60599136,39.38051224,78.52510071,75.3041687,73.603302,43.65528107,1.3406205180000001,59.84564972,70.72694397,63.96432877,1.269540787,24.34049797,183.2604828
2018-11-19 08:29:07.172,24.57778549,1473.840698,2.593063116,181.7724762,1465.365479,1467.489014,896.0091553,43.73307037,89.04737854,57.42375946,39.14748764,77.9225769,74.83305359,73.13247681,43.44790649,1.355581522,59.76749802,70.72694397,63.83390045,1.2374815940000001,23.97410965,181.7724762
2018-11-19 08:29:12.179,24.55200386,1496.036377,2.595505714,182.692276,1479.311035,1479.311035,910.4016113,43.91455078,89.63361359,57.4498024,39.25104904,78.07974243,74.96392059,73.31555176,43.65528107,1.3412311080000001,59.76749802,70.59627533,63.80781937,1.2542746070000002,24.52369499,182.692276
2018-11-19 08:29:17.186,24.65511131,1466.001221,2.580850363,181.096344,1458.541626,1460.676758,886.4142456,43.60343933,90.21982574,57.11137772,39.09571838,77.13682556,74.23121643,72.42630768,43.00723267,1.358634949,59.94985962,70.83149719,63.91214752,1.2222154139999999,23.48558998,181.1234131
2018-11-19 08:29:22.192,25.119133,1519.695801,2.607718706,183.7746887,1509.442749,1510.471191,930.3911133,44.30345535,90.80605316,57.57995224,39.61352921,78.57750702,75.43501282,73.70796967,43.94046021,1.325964928,59.81959152,70.49172974,63.85999298,1.2817537780000001,25.31753922,183.7746887
2018-11-19 08:29:27.198,25.89265251,1523.634277,2.624817133,184.9386902,1514.447632,1515.471191,937.5873413,44.66648483,90.51293945,57.42375946,39.43228531,79.31117249,75.95858002,74.25737,44.53683853,1.324743986,59.22047806,69.96904755,63.5209198,1.300073147,25.98925209,184.8845673
2018-11-19 08:29:32.204,26.64055252,1140.445313,2.566194534,172.8320465,1127.968994,1130.753418,696.9138184,43.91455078,77.76257324,57.86633301,39.97604752,74.36206055,71.7726059,70.07357788,43.3182869,1.5149610039999999,61.33090591,72.37402344,64.48603821,1.05123353,14.44797421,172.7780914
2018-11-19 08:29:37.211,26.9500618,1157.343994,2.5466537479999998,172.0769043,1143.666626,1146.415039,698.5130005,42.72212601,78.93502045,55.91422653,39.3028183,72.00791931,69.15908051,67.64418793,42.17791367,1.5076332090000002,61.09635544,72.58321381,64.90348053,1.039020538,14.75329971,172.0499573
2018-11-19 08:29:42.217,26.9500618,1562.302002,2.627259731,185.4802856,1550.354492,1551.353638,959.1759644,44.87395477,92.27161407,56.33059311,39.43228531,77.97493744,74.75455475,73.10629272,44.79615784,1.304287076,59.35070419,70.38718414,64.12082672,1.322972655,26.96629143,185.4802856
2018-11-19 08:29:47.223,27.02744293,1568.320679,2.622374535,185.3990479,1556.418213,1557.413574,959.9755859,45.41861343,91.39227295,58.02256775,39.97604752,79.88775635,76.7440033,75.0162735,45.21112823,1.303981781,59.68935394,70.4394455,64.04257202,1.318392754,27.0273571,185.3990479
2018-11-19 08:29:52.230,27.02744293,1622.812622,2.6174891000000002,186.2114868,1607.477295,1609.402222,995.956665,45.39268875,93.15094757,58.82980728,40.54580688,81.19851685,77.81777954,76.14181519,45.13330078,1.273143768,60.05407333,70.46559143,64.22516632,1.344345331,29.04249954,186.2656708
2018-11-19 08:29:57.236,27.00166321,1573.195435,2.6174891000000002,185.4531708,1560.338257,1562.32312,958.3764038,45.44455338,91.39227295,58.62145996,40.07963562,80.46442413,77.26778412,75.53973389,45.26299286,1.299096346,59.89774323,70.38718414,63.96432877,1.318392754,26.90522575,185.4531708
2018-11-19 08:30:02.243,27.20801544,1579.361816,2.585735321,184.2077789,1566.53479,1567.525269,948.7814941,45.34080124,93.73718262,58.8037529,40.10553741,81.2771759,78.0535202,76.32509613,45.10737991,1.297875047,59.975914,70.41333008,63.96432877,1.287860274,27.57694244,184.2077789
